Frequency(Hz),   Magnitude(dB)
    3.104, -59.118034
    3.143, -59.118839
    3.182, -59.119987
    3.221, -59.121468
    3.261, -59.123302
    3.302, -59.125496
    3.343, -59.128101
    3.385, -59.131191
    3.427, -59.134888
    3.469, -59.139336
    3.513, -59.144691
    3.556, -59.151424
    3.601, -59.159328
    3.645, -59.168453
    3.691, -59.178825
    3.737, -59.190502
    3.783, -59.203510
    3.830, -59.217899
    3.878, -59.233719
    3.926, -59.251011
    3.975, -59.269821
    4.025, -59.290211
    4.075, -59.312206
    4.126, -59.335880
    4.177, -59.361282
    4.229, -59.388458
    4.282, -59.417461
    4.335, -59.448364
    4.389, -59.481201
    4.444, -59.516060
    4.499, -59.552967
    4.555, -59.592010
    4.612, -59.633247
    4.669, -59.676739
    4.727, -59.722553
    4.786, -59.770763
    4.845, -59.821434
    4.906, -59.874630
    4.967, -59.930443
    5.029, -59.988934
    5.091, -60.050182
    5.155, -60.114265
    5.219, -60.181286
    5.284, -60.251427
    5.350, -60.324913
    5.416, -60.402012
    5.484, -60.483047
    5.552, -60.568336
    5.621, -60.658203
    5.691, -60.752975
    5.762, -60.852978
    5.834, -60.958488
    5.906, -61.069805
    5.980, -61.187180
    6.054, -61.310898
    6.129, -61.441162
    6.206, -61.578236
    6.283, -61.722321
    6.361, -61.873619
    6.440, -62.032284
    6.521, -62.198414
    6.602, -62.372017
    6.684, -62.553001
    6.767, -62.741165
    6.851, -62.936142
    6.937, -63.137497
    7.023, -63.344749
    7.111, -63.557407
    7.199, -63.774883
    7.289, -63.996567
    7.379, -64.221741
    7.471, -64.449669
    7.564, -64.679527
    7.658, -64.910393
    7.754, -65.141266
    7.850, -65.371040
    7.948, -65.598694
    8.047, -65.823189
    8.147, -66.043564
    8.249, -66.258911
    8.351, -66.468414
    8.455, -66.671326
    8.560, -66.866982
    8.667, -67.054771
    8.775, -67.234169
    8.884, -67.404739
    8.995, -67.566162
    9.107, -67.718224
    9.220, -67.860825
    9.335, -67.993950
    9.451, -68.117744
    9.569, -68.232437
    9.688, -68.338303
    9.808, -68.435654
    9.931, -68.524712
   10.054, -68.605591
   10.179, -68.678291
   10.306, -68.742470
   10.434, -68.797897
   10.564, -68.843979
   10.696, -68.879822
   10.829, -68.904312
   10.964, -68.916145
   11.100, -68.913895
   11.238, -68.896172
   11.378, -68.861710
   11.520, -68.809517
   11.663, -68.738937
   11.809, -68.649773
   11.956, -68.542297
   12.104, -68.417351
   12.255, -68.276436
   12.408, -68.121605
   12.562, -67.955574
   12.718, -67.781624
   12.877, -67.603531
   13.037, -67.426079
   13.199, -67.254326
   13.364, -67.092987
   13.530, -66.946129
   13.698, -66.817314
   13.869, -66.709251
   14.042, -66.623749
   14.216, -66.561905
   14.393, -66.524338
   14.573, -66.511269
   14.754, -66.522629
   14.938, -66.558121
   15.124, -66.617218
   15.312, -66.699005
   15.503, -66.802063
   15.696, -66.922836
   15.891, -67.057968
   16.089, -67.203224
   16.289, -67.353348
   16.492, -67.502243
   16.697, -67.643097
   16.905, -67.768234
   17.115, -67.870094
   17.328, -67.942108
   17.544, -67.978783
   17.763, -67.976067
   17.984, -67.931625
   18.208, -67.845253
   18.434, -67.719025
   18.664, -67.555954
   18.896, -67.360039
   19.131, -67.135735
   19.369, -66.887482
   19.611, -66.619278
   19.855, -66.334335
   20.102, -66.034897
   20.352, -65.722946
   20.605, -65.398376
   20.862, -65.059822
   21.122, -64.705101
   21.385, -64.332146
   21.651, -63.939026
   21.920, -63.524269
   22.193, -63.087238
   22.470, -62.628277
   22.749, -62.148869
   23.032, -61.651672
   23.319, -61.140686
   23.609, -60.621475
   23.903, -60.097229
   24.201, -59.570492
   24.502, -59.042862
   24.807, -58.514957
   25.116, -57.986786
   25.429, -57.457939
   25.745, -56.927868
   26.066, -56.396091
   26.390, -55.862259
   26.719, -55.325993
   27.051, -54.786919
   27.388, -54.244652
   27.729, -53.698624
   28.074, -53.148163
   28.424, -52.592541
   28.778, -52.030216
   29.136, -51.460079
   29.499, -50.881199
   29.866, -50.292862
   30.238, -49.694603
   30.614, -49.086174
   30.995, -48.467621
   31.381, -47.839073
   31.772, -47.200615
   32.167, -46.552303
   32.568, -45.894211
   32.973, -45.226410
   33.383, -44.548965
   33.799, -43.863373
   34.220, -43.173683
   34.646, -42.482689
   35.077, -41.793217
   35.514, -41.107784
   35.956, -40.428505
   36.403, -39.757011
   36.857, -39.094872
   37.315, -38.443741
   37.780, -37.805164
   38.250, -37.180695
   38.726, -36.571796
   39.209, -35.980915
   39.697, -35.409882
   40.191, -34.860222
   40.691, -34.333290
   41.198, -33.830189
   41.711, -33.352200
   42.230, -32.899937
   42.756, -32.473495
   43.288, -32.072781
   43.827, -31.697498
   44.372, -31.346714
   44.925, -31.019711
   45.484, -30.716013
   46.050, -30.435307
   46.623, -30.177483
   47.204, -29.943977
   47.791, -29.735262
   48.386, -29.551287
   48.989, -29.391191
   49.599, -29.253418
   50.216, -29.136217
   50.841, -29.037342
   51.474, -28.954590
   52.115, -28.885675
   52.764, -28.828299
   53.420, -28.780319
   54.085, -28.739510
   54.759, -28.703840
   55.440, -28.671482
   56.131, -28.640688
   56.829, -28.609575
   57.537, -28.576347
   58.253, -28.538858
   58.978, -28.494862
   59.712, -28.442438
   60.456, -28.380192
   61.208, -28.306755
   61.970, -28.222309
   62.742, -28.127640
   63.523, -28.023842
   64.314, -27.912048
   65.114, -27.793659
   65.925, -27.670929
   66.745, -27.545576
   67.576, -27.418419
   68.418, -27.289324
   69.269, -27.158077
   70.132, -27.025303
   71.005, -26.892746
   71.889, -26.761652
   72.784, -26.631582
   73.690, -26.500647
   74.607, -26.367584
   75.536, -26.232292
   76.476, -26.094604
   77.428, -25.954662
   78.392, -25.812990
   79.368, -25.670200
   80.356, -25.526749
   81.356, -25.383121
   82.369, -25.239412
   83.394, -25.095558
   84.433, -24.951403
   85.484, -24.806644
   86.548, -24.661066
   87.625, -24.514606
   88.716, -24.367680
   89.820, -24.220516
   90.939, -24.073328
   92.071, -23.926630
   93.217, -23.781845
   94.377, -23.644079
   95.552, -23.516006
   96.742, -23.396271
   97.946, -23.283743
   99.165, -23.177320
  100.400, -23.075689
  101.650, -22.978472
  102.915, -22.885843
  104.196, -22.798115
  105.493, -22.715776
  106.806, -22.639603
  108.136, -22.570269
  109.482, -22.508224
  110.845, -22.453661
  112.225, -22.406752
  113.622, -22.367531
  115.037, -22.336151
  116.469, -22.312376
  117.919, -22.293419
  119.386, -22.278297
  120.873, -22.267384
  122.377, -22.259165
  123.901, -22.255066
  125.443, -22.258509
  127.005, -22.270370
  128.586, -22.289351
  130.187, -22.315754
  131.807, -22.349730
  133.448, -22.389389
  135.109, -22.434311
  136.791, -22.484039
  138.494, -22.538704
  140.218, -22.597942
  141.964, -22.659807
  143.731, -22.725388
  145.520, -22.794384
  147.332, -22.865589
  149.166, -22.938009
  151.023, -23.012398
  152.903, -23.092627
  154.806, -23.175108
  156.734, -23.259026
  158.685, -23.343899
  160.660, -23.428053
  162.660, -23.509617
  164.685, -23.590326
  166.735, -23.672251
  168.811, -23.754314
  170.912, -23.836193
  173.040, -23.918467
  175.194, -24.000889
  177.375, -24.083870
  179.583, -24.165558
  181.819, -24.244650
  184.082, -24.323250
  186.374, -24.397697
  188.694, -24.467812
  191.043, -24.536907
  193.421, -24.605103
  195.829, -24.672100
  198.267, -24.737497
  200.735, -24.805269
  203.234, -24.872072
  205.764, -24.939407
  208.325, -25.009706
  210.919, -25.084131
  213.544, -25.160097
  216.203, -25.238890
  218.894, -25.321056
  221.619, -25.404701
  224.378, -25.492863
  227.171, -25.582716
  229.999, -25.669794
  232.862, -25.753666
  235.761, -25.834402
  238.696, -25.912184
  241.668, -25.988970
  244.676, -26.061380
  247.722, -26.128592
  250.806, -26.191582
  253.928, -26.249784
  257.089, -26.306570
  260.290, -26.359175
  263.530, -26.408113
  266.810, -26.449219
  270.132, -26.481941
  273.495, -26.509188
  276.899, -26.533741
  280.346, -26.557602
  283.836, -26.584291
  287.370, -26.616537
  290.947, -26.651358
  294.569, -26.686640
  298.236, -26.727448
  301.949, -26.771076
  305.708, -26.815018
  309.513, -26.854660
  313.366, -26.896141
  317.267, -26.940935
  321.217, -26.985619
  325.216, -27.031715
  329.264, -27.079266
  333.363, -27.125153
  337.513, -27.172901
  341.715, -27.217422
  345.969, -27.263435
  350.276, -27.313797
  354.636, -27.369762
  359.051, -27.428179
  363.521, -27.490477
  368.046, -27.555559
  372.628, -27.622318
  377.266, -27.689207
  381.963, -27.758915
  386.718, -27.823284
  391.532, -27.883869
  396.406, -27.943089
  401.341, -28.001638
  406.337, -28.052038
  411.395, -28.100742
  416.517, -28.151070
  421.702, -28.200485
  426.951, -28.247808
  432.266, -28.290403
  437.648, -28.333216
  443.096, -28.379753
  448.612, -28.424847
  454.196, -28.469650
  459.851, -28.519737
  465.575, -28.584568
  471.371, -28.645931
  477.239, -28.700136
  483.180, -28.748014
  489.195, -28.794212
  495.285, -28.836546
  501.450, -28.875870
  507.693, -28.920200
  514.013, -28.968437
  520.412, -29.023190
  526.890, -29.082195
  533.449, -29.150152
  540.090, -29.217062
  546.814, -29.331797
  553.621, -29.251545
  560.513, -29.177416
  567.490, -29.108885
  574.555, -29.045904
  581.707, -28.988350
  588.949, -28.935917
  596.281, -28.888367
  603.703, -28.844698
  611.219, -28.804520
  618.828, -28.766697
  626.531, -28.730371
  634.331, -28.695038
  642.228, -28.659151
  650.222, -28.622005
  658.317, -28.582647
  666.512, -28.539742
  674.809, -28.493069
  683.210, -28.441809
  691.715, -28.385447
  700.326, -28.323601
  709.044, -28.256786
  717.871, -28.184803
  726.807, -28.108662
  735.855, -28.029278
  745.016, -27.947844
  754.290, -27.865828
  763.680, -27.784899
  773.187, -27.707041
  782.812, -27.634352
  792.557, -27.568748
  802.424, -27.512157
  812.413, -27.467020
  822.526, -27.435530
  832.766, -27.419899
  843.133, -27.422283
  853.629, -27.444752
  864.255, -27.489460
  875.014, -27.558792
  885.907, -27.654083
  896.935, -27.777241
  908.101, -27.930401
  919.406, -28.114784
  930.851, -28.331583
  942.439, -28.582056
  954.171, -28.866137
  966.049, -29.183815
  978.076, -29.533289
  990.251, -29.911507
 1002.579, -30.312412
 1015.060, -30.726641
 1027.696, -31.141050
 1040.489, -31.539076
 1053.442, -31.896561
 1066.556, -32.187744
 1079.833, -32.384850
 1093.276, -32.468822
 1106.886, -32.428291
 1120.665, -32.269226
 1134.616, -32.004601
 1148.741, -31.663912
 1163.041, -31.273439
 1177.519, -30.857227
 1192.178, -30.436609
 1207.019, -30.028370
 1222.045, -29.642342
 1237.258, -29.287374
 1252.660, -28.967817
 1268.254, -28.686855
 1284.042, -28.446234
 1300.027, -28.246420
 1316.211, -28.087337
 1332.596, -27.968948
 1349.185, -27.890280
 1365.981, -27.850855
 1382.985, -27.850578
 1400.202, -27.889317
 1417.633, -27.965324
 1435.280, -28.078325
 1453.148, -28.227013
 1471.238, -28.411196
 1489.553, -28.628519
 1508.096, -28.877934
 1526.870, -29.157036
 1545.877, -29.462889
 1565.121, -29.791468
 1584.605, -30.138081
 1604.332, -30.496614
 1624.303, -30.860460
 1644.524, -31.222847
 1664.996, -31.576193
 1685.723, -31.914843
 1706.708, -32.233467
 1727.955, -32.527130
 1749.466, -32.793453
 1771.244, -33.032089
 1793.294, -33.240269
 1815.618, -33.417576
 1838.221, -33.564087
 1861.104, -33.678093
 1884.272, -33.757561
 1907.729, -33.803291
 1931.478, -33.818176
 1955.523, -33.807983
 1979.866, -33.782478
 2004.513, -33.752525
 2029.467, -33.729248
 2054.731, -33.723362
 2080.310, -33.742912
 2106.207, -33.791786
 2132.427, -33.869083
 2158.973, -33.970161
 2185.849, -34.085999
 2213.060, -34.205406
 2240.610, -34.317863
 2268.503, -34.415092
 2296.743, -34.494720
 2325.334, -34.560783
 2354.282, -34.622677
 2383.590, -34.692200
 2413.262, -34.780823
 2443.305, -34.897079
 2473.721, -35.043602
 2504.515, -35.216957
 2535.693, -35.407913
 2567.260, -35.603283
 2599.219, -35.789391
 2631.576, -35.955658
 2664.335, -36.096046
 2697.503, -36.211395
 2731.084, -36.307457
 2765.082, -36.392067
 2799.504, -36.472183
 2834.354, -36.553574
 2869.638, -36.639145
 2905.362, -36.729858
 2941.530, -36.826275
 2978.148, -36.926640
 3015.222, -37.027290
 3052.758, -37.121132
 3090.761, -37.198990
 3129.237, -37.251625
 3168.192, -37.271881
 3207.632, -37.259827
 3247.563, -37.221504
 3287.991, -37.166023
 3328.923, -37.101868
 3370.364, -37.033478
 3412.320, -36.961494
 3454.799, -36.885345
 3497.807, -36.805981
 3541.351, -36.727539
 3585.436, -36.654602
 3630.070, -36.588829
 3675.260, -36.525867
 3721.012, -36.457420
 3767.334, -36.375214
 3814.233, -36.276184
 3861.715, -36.164463
 3909.789, -36.048546
 3958.460, -35.936333
 4007.738, -35.830410
 4057.630, -35.726364
 4108.142, -35.616051
 4159.283, -35.489998
 4211.061, -35.343025
 4263.483, -35.175720
 4316.559, -34.993980
 4370.294, -34.804867
 4424.699, -34.613083
 4479.781, -34.420021
 4535.548, -34.226929
 4592.010, -34.037071
 4649.175, -33.856178
 4707.051, -33.688305
 4765.648, -33.533913
 4824.975, -33.390694
 4885.039, -33.256214
 4945.852, -33.129402
 5007.421, -33.009888
 5069.757, -32.898872
 5132.870, -32.802437
 5196.768, -32.731293
 5261.460, -32.696320
 5326.959, -32.700260
 5393.273, -32.739723
 5460.413, -32.810371
 5528.388, -32.911201
 5597.209, -33.041649
 5666.887, -33.197716
 5737.433, -33.374374
 5808.857, -33.569382
 5881.169, -33.781746
 5954.383, -34.009216
 6028.507, -34.250961
 6103.555, -34.511745
 6179.536, -34.798218
 6256.464, -35.113678
 6334.349, -35.457283
 6413.204, -35.823830
 6493.040, -36.202621
 6573.870, -36.579807
 6655.706, -36.940765
 6738.562, -37.270077
 6822.448, -37.555969
 6907.379, -37.807274
 6993.367, -38.037632
 7080.426, -38.240784
 7168.568, -38.395374
 7257.808, -38.494976
 7348.158, -38.557995
 7439.633, -38.602493
 7532.248, -38.626907
 7626.015, -38.624840
 7720.949, -38.612633
 7817.065, -38.617504
 7914.377, -38.648537
 8012.901, -38.701027
 8112.652, -38.770092
 8213.645, -38.848541
 8315.894, -38.934288
 8419.416, -39.033356
 8524.228, -39.146690
 8630.343, -39.268837
 8737.780, -39.397495
 8846.555, -39.533031
 8956.683, -39.680641
 9068.182, -39.849327
 9181.069, -40.045269
 9295.362, -40.269096
 9411.078, -40.511463
 9528.233, -40.762585
 9646.849, -41.015842
 9766.939, -41.264915
 9888.525, -41.497475
10011.625, -41.682030
10136.257, -41.801720
10262.440, -41.876190
10390.195, -41.944885
10519.540, -42.021282
10650.495, -42.097778
10783.080, -42.172699
10917.316, -42.254913
11053.223, -42.361687
11190.821, -42.498672
11330.133, -42.666336
11471.179, -42.871872
11613.980, -43.104713
11758.561, -43.339279
11904.939, -43.581722
12053.141, -43.841171
12203.188, -44.125145
12355.102, -44.431396
12508.907, -44.768486
12664.627, -45.146931
12822.286, -45.569237
12981.907, -46.028366
13143.516, -46.491306
13307.136, -46.954117
13472.793, -47.417488
13640.512, -47.903061
13810.319, -48.434456
13982.240, -48.995872
14156.302, -49.590302
14332.529, -50.250145
14510.951, -51.011276
14691.595, -51.882484
14874.486, -52.855003
15059.655, -53.944756
15247.129, -55.292587
15436.937, -56.887634
15629.106, -58.652534
15823.669, -60.466820
16020.654, -62.451416
16220.091, -64.274384
16422.010, -65.765968
16626.443, -67.059586
16833.422, -67.923309
17042.977, -68.603119
17255.141, -69.225441
17469.945, -69.808685
17687.424, -70.127930
17907.609, -70.351746
18130.537, -70.394753
18356.240, -70.117989
18584.752, -69.755569
18816.107, -69.431854
19050.346, -69.122276
19287.498, -68.864624
19527.604, -68.678284
19770.697, -68.582336
20016.816, -68.549614
20266.002, -68.518997
20518.287, -68.511612
20773.715, -68.495827
21032.320, -68.473648
21294.146, -68.439194
21559.232, -68.413544
21827.617, -68.375732
22099.344, -68.376015
22374.453, -68.407715
22652.986, -68.512245
