Frequency(Hz), Magnitude(ohm), Phase(deg)
20.000, 8.323, 10.076
20.291, 8.337, 10.191
20.585, 8.349, 10.307
20.884, 8.355, 10.424
21.188, 8.359, 10.541
21.495, 8.363, 10.659
21.808, 8.368, 10.780
22.124, 8.379, 10.916
22.446, 8.392, 11.075
22.772, 8.406, 11.242
23.103, 8.420, 11.410
23.438, 8.434, 11.570
23.779, 8.447, 11.721
24.124, 8.461, 11.865
24.474, 8.475, 12.009
24.830, 8.489, 12.164
25.191, 8.505, 12.339
25.557, 8.523, 12.533
25.928, 8.541, 12.732
26.304, 8.559, 12.923
26.686, 8.574, 13.086
27.074, 8.585, 13.230
27.467, 8.597, 13.375
27.866, 8.612, 13.542
28.271, 8.640, 13.741
28.682, 8.671, 13.958
29.098, 8.702, 14.171
29.521, 8.725, 14.362
29.950, 8.743, 14.532
30.385, 8.761, 14.701
30.826, 8.782, 14.888
31.274, 8.808, 15.102
31.728, 8.836, 15.333
32.189, 8.868, 15.552
32.657, 8.904, 15.709
33.131, 8.943, 15.863
33.612, 8.985, 16.019
34.101, 9.029, 16.178
34.596, 9.077, 16.341
35.099, 9.124, 16.507
35.608, 9.159, 16.698
36.126, 9.187, 16.917
36.650, 9.223, 17.164
37.183, 9.282, 17.485
37.723, 9.351, 17.851
38.271, 9.430, 18.069
38.827, 9.527, 18.084
39.391, 9.625, 18.058
39.963, 9.680, 18.005
40.543, 9.701, 17.916
41.132, 9.754, 17.869
41.730, 9.869, 17.970
42.336, 9.986, 18.078
42.951, 10.079, 17.960
43.575, 10.168, 17.682
44.208, 10.256, 17.229
44.850, 10.343, 16.664
45.501, 10.422, 16.071
46.162, 10.457, 15.452
46.833, 10.459, 14.827
47.513, 10.421, 14.249
48.203, 10.348, 13.733
48.903, 10.225, 13.341
49.614, 10.089, 13.125
50.334, 9.958, 13.156
51.066, 9.829, 13.442
51.807, 9.715, 14.050
52.560, 9.629, 14.818
53.323, 9.612, 15.257
54.098, 9.621, 15.578
54.884, 9.638, 16.766
55.681, 9.657, 18.078
56.490, 9.584, 18.171
57.310, 9.554, 18.426
58.143, 9.658, 19.237
58.987, 9.767, 19.835
59.844, 9.881, 20.243
60.713, 9.958, 20.840
61.595, 9.998, 21.474
62.490, 9.997, 21.951
63.398, 10.072, 22.291
64.319, 10.256, 22.500
65.253, 10.354, 23.126
66.201, 10.451, 23.674
67.162, 10.560, 23.885
68.138, 10.686, 24.225
69.128, 10.823, 24.599
70.132, 10.966, 24.992
71.151, 11.089, 25.210
72.184, 11.242, 25.506
73.233, 11.462, 26.020
74.296, 11.606, 26.214
75.376, 11.812, 26.409
76.470, 12.043, 26.582
77.581, 12.227, 26.581
78.708, 12.554, 26.295
79.851, 12.783, 26.491
81.011, 13.037, 26.691
82.188, 13.399, 26.338
83.382, 13.729, 25.759
84.593, 14.040, 25.328
85.822, 14.376, 24.752
87.068, 14.736, 24.067
88.333, 15.118, 23.246
89.616, 15.505, 22.163
90.918, 15.790, 20.855
92.239, 16.183, 19.100
93.579, 16.571, 17.621
94.938, 16.871, 15.649
96.317, 17.011, 13.415
97.716, 17.203, 11.160
99.135, 17.288, 8.595
100.575, 17.218, 6.222
102.036, 17.042, 3.815
103.518, 16.785, 1.544
105.022, 16.362, -0.511
106.548, 15.992, -1.988
108.095, 15.566, -3.647
109.665, 15.158, -5.235
111.258, 14.614, -6.442
112.874, 14.160, -7.212
114.514, 13.634, -7.902
116.177, 13.181, -8.089
117.865, 12.800, -8.082
119.577, 12.415, -8.174
121.314, 12.064, -7.737
123.076, 11.798, -7.162
124.864, 11.448, -6.986
126.678, 11.210, -6.347
128.518, 11.031, -5.735
130.385, 10.787, -4.792
132.279, 10.631, -4.079
134.200, 10.462, -3.126
136.149, 10.313, -2.347
138.127, 10.196, -1.620
140.133, 10.114, -0.820
142.169, 10.002, 0.607
144.234, 9.930, 1.113
146.329, 9.813, 1.826
148.455, 9.807, 2.783
150.611, 9.787, 3.599
152.799, 9.722, 4.239
155.018, 9.681, 4.746
157.270, 9.674, 5.740
159.554, 9.571, 6.398
161.872, 9.650, 7.133
164.223, 9.588, 7.824
166.609, 9.629, 8.802
169.029, 9.592, 9.558
171.484, 9.619, 10.263
173.975, 9.623, 11.070
176.502, 9.651, 11.335
179.066, 9.648, 12.033
181.667, 9.631, 13.216
184.306, 9.710, 13.538
186.983, 9.788, 13.923
189.699, 9.822, 14.839
192.455, 9.946, 14.634
195.250, 9.866, 14.747
198.086, 9.788, 15.136
200.964, 9.889, 15.899
203.883, 9.833, 16.951
206.844, 9.916, 17.547
209.849, 9.935, 17.711
212.897, 9.975, 18.302
215.990, 10.065, 18.462
219.127, 10.123, 19.573
222.310, 10.100, 20.016
225.539, 10.138, 20.762
228.815, 10.202, 21.582
232.139, 10.269, 21.548
235.511, 10.416, 22.110
238.932, 10.495, 23.364
242.403, 10.739, 22.760
245.924, 10.910, 22.064
249.496, 10.798, 20.856
253.120, 10.584, 21.868
256.797, 10.601, 22.588
260.527, 10.554, 22.553
264.311, 10.664, 24.009
268.151, 10.626, 24.762
272.046, 10.689, 24.106
275.997, 10.884, 25.138
280.006, 10.756, 25.106
284.074, 10.891, 26.146
288.200, 11.031, 26.833
292.386, 11.113, 26.581
296.633, 11.039, 26.717
300.942, 11.254, 28.242
305.314, 11.183, 28.144
309.748, 11.341, 28.482
314.248, 11.342, 29.183
318.812, 11.332, 29.292
323.443, 11.517, 29.292
328.142, 11.592, 30.172
332.908, 11.676, 29.665
337.744, 11.644, 30.635
342.650, 11.755, 31.013
347.627, 11.815, 30.916
352.677, 11.955, 31.780
357.799, 12.010, 31.428
362.997, 12.171, 31.681
368.269, 12.269, 32.158
373.619, 12.333, 33.239
379.046, 12.167, 32.529
384.552, 12.398, 33.104
390.138, 12.586, 33.834
395.805, 12.607, 33.600
401.554, 12.674, 33.959
407.387, 12.712, 34.256
413.304, 12.837, 35.267
419.308, 12.839, 34.869
425.399, 12.978, 34.922
431.578, 13.131, 35.681
437.847, 13.087, 36.007
444.207, 13.279, 35.947
450.659, 13.295, 36.899
457.205, 13.597, 36.715
463.847, 13.703, 36.631
470.584, 13.686, 37.347
477.420, 13.718, 37.409
484.355, 13.980, 37.716
491.390, 14.034, 38.650
498.528, 14.083, 38.160
505.770, 14.102, 38.692
513.116, 14.288, 38.656
520.570, 14.536, 39.129
528.131, 14.588, 39.432
535.803, 14.567, 39.858
543.586, 14.847, 39.163
551.482, 15.004, 40.147
559.492, 15.023, 40.909
567.619, 15.141, 40.099
575.864, 15.231, 40.518
584.229, 15.320, 40.286
592.716, 15.460, 41.193
601.325, 15.770, 41.375
610.060, 15.771, 41.208
618.921, 15.907, 41.322
627.912, 15.936, 41.833
637.032, 16.044, 41.655
646.286, 16.320, 41.754
655.673, 16.325, 42.434
665.198, 16.529, 42.049
674.860, 16.532, 42.379
684.663, 16.758, 42.814
694.608, 16.902, 43.195
704.698, 16.990, 44.011
714.934, 17.275, 44.313
725.319, 17.355, 44.308
735.855, 17.475, 44.356
746.543, 17.485, 44.005
757.387, 17.717, 44.940
768.389, 17.786, 44.241
779.550, 18.073, 45.077
790.874, 18.190, 45.467
802.362, 18.434, 44.748
814.017, 18.528, 44.878
825.841, 18.466, 45.395
837.837, 18.768, 45.302
850.007, 18.891, 46.051
862.354, 19.152, 45.903
874.880, 19.483, 45.700
887.588, 19.495, 45.820
900.481, 19.617, 46.496
913.561, 19.791, 46.824
926.831, 19.925, 47.133
940.294, 20.196, 47.239
953.953, 20.201, 47.576
967.810, 20.648, 46.996
981.868, 20.619, 47.646
996.130, 21.115, 47.653
1010.599, 21.149, 47.312
1025.279, 21.199, 48.259
1040.172, 21.363, 48.092
1055.281, 21.756, 48.370
1070.610, 21.834, 48.341
1086.161, 22.226, 48.737
1101.938, 22.221, 48.330
1117.945, 22.423, 48.772
1134.184, 22.665, 48.787
1150.659, 22.889, 48.935
1167.373, 23.057, 49.143
1184.330, 23.321, 49.109
1201.533, 23.512, 49.093
1218.986, 23.580, 49.154
1236.693, 23.801, 49.427
1254.656, 24.071, 49.528
1272.881, 24.326, 49.709
1291.370, 24.589, 49.916
1310.129, 24.684, 50.117
1329.159, 25.006, 50.090
1348.466, 25.291, 50.224
1368.053, 25.549, 50.165
1387.925, 25.587, 50.365
1408.086, 25.889, 50.464
1428.539, 26.274, 50.399
1449.290, 26.456, 50.648
1470.342, 26.654, 50.833
1491.700, 26.886, 50.685
1513.367, 27.231, 51.002
1535.350, 27.361, 51.119
1557.652, 27.660, 51.035
1580.278, 27.884, 51.058
1603.233, 28.196, 51.374
1626.521, 28.333, 51.440
1650.147, 28.845, 51.480
1674.117, 28.969, 51.679
1698.434, 29.214, 51.841
1723.105, 29.515, 51.690
1748.135, 29.735, 51.804
1773.527, 30.090, 51.835
1799.289, 30.267, 51.829
1825.425, 30.451, 51.973
1851.941, 30.899, 52.096
1878.841, 31.144, 52.040
1906.133, 31.491, 52.246
1933.821, 31.776, 52.121
1961.911, 32.019, 52.371
1990.409, 32.294, 52.402
2019.321, 32.619, 52.630
2048.653, 32.937, 52.455
2078.411, 33.244, 52.636
2108.602, 33.548, 52.606
2139.230, 33.837, 52.693
2170.304, 34.235, 52.587
2201.829, 34.508, 52.831
2233.813, 34.827, 52.854
2266.260, 35.150, 52.854
2299.179, 35.582, 53.108
2332.576, 35.813, 52.939
2366.458, 36.107, 53.072
2400.833, 36.521, 53.192
2435.707, 36.930, 53.154
2471.087, 37.084, 53.102
2506.981, 37.495, 53.159
2543.397, 37.851, 53.415
2580.342, 38.101, 53.287
2617.823, 38.537, 53.408
2655.848, 38.987, 53.388
2694.426, 39.229, 53.668
2733.565, 39.628, 53.468
2773.272, 40.012, 53.549
2813.555, 40.443, 53.455
2854.424, 40.756, 53.515
2895.887, 41.113, 53.638
2937.951, 41.528, 53.566
2980.627, 41.924, 53.587
3023.923, 42.297, 53.819
3067.847, 42.734, 53.804
3112.410, 43.147, 53.824
3157.620, 43.488, 53.703
3203.487, 43.845, 53.802
3250.019, 44.307, 53.910
3297.228, 44.643, 53.797
3345.123, 45.247, 53.945
3393.713, 45.559, 53.935
3443.009, 45.954, 54.089
3493.021, 46.512, 53.808
3543.760, 46.952, 53.951
3595.235, 47.342, 53.999
3647.458, 47.706, 54.077
3700.440, 48.140, 54.104
3754.192, 48.529, 53.952
3808.724, 49.067, 54.036
3864.048, 49.384, 53.941
3920.176, 50.002, 54.043
3977.119, 50.407, 53.927
4034.890, 50.905, 54.065
4093.499, 51.248, 54.115
4152.960, 51.802, 53.996
4213.285, 52.390, 53.998
4274.485, 52.836, 54.117
4336.576, 53.183, 54.021
4399.567, 53.719, 54.132
4463.474, 54.131, 53.956
4528.309, 54.708, 54.289
4594.086, 55.195, 54.189
4660.818, 55.800, 54.204
4728.520, 56.196, 54.154
4797.205, 56.716, 54.198
4866.887, 57.258, 54.066
4937.582, 57.694, 54.222
5009.304, 58.360, 54.116
5082.067, 58.735, 54.084
5155.888, 59.348, 54.204
5230.781, 59.971, 54.077
5306.762, 60.451, 54.077
5383.846, 61.048, 54.189
5462.050, 61.625, 54.146
5541.390, 62.057, 54.127
5621.883, 62.538, 54.086
5703.544, 63.172, 54.192
5786.392, 63.805, 54.083
5870.443, 64.234, 54.180
5955.716, 65.023, 54.170
6042.227, 65.413, 54.010
6129.994, 66.111, 54.160
6219.037, 66.502, 54.174
6309.372, 67.362, 54.078
6401.021, 67.823, 54.077
6494.000, 68.385, 54.053
6588.329, 69.064, 53.997
6684.029, 69.689, 54.006
6781.120, 70.298, 54.133
6879.620, 70.945, 54.006
6979.551, 71.437, 53.982
7080.934, 72.168, 54.165
7183.790, 72.883, 54.028
7288.139, 73.506, 53.994
7394.004, 74.192, 53.970
7501.407, 74.837, 53.980
7610.370, 75.400, 53.968
7720.916, 76.109, 53.902
7833.067, 76.794, 53.855
7946.848, 77.414, 53.885
8062.282, 78.026, 53.953
8179.392, 78.758, 53.893
8298.203, 79.504, 53.891
8418.740, 80.254, 53.808
8541.028, 80.896, 53.929
8665.093, 81.695, 53.978
8790.959, 82.426, 53.865
8918.654, 83.098, 53.976
9048.203, 83.730, 53.901
9179.635, 84.432, 53.881
9312.976, 85.147, 53.880
9448.253, 85.838, 53.857
9585.495, 86.596, 53.810
9724.730, 87.484, 53.834
9865.989, 88.329, 53.824
10009.300, 88.937, 53.904
10154.691, 89.702, 53.799
10302.195, 90.473, 53.740
10451.842, 91.228, 53.819
10603.662, 92.104, 53.852
10757.688, 92.889, 53.747
10913.950, 93.566, 53.761
11072.483, 94.423, 53.819
11233.318, 95.167, 53.691
11396.490, 96.098, 53.675
11562.032, 96.865, 53.731
11729.979, 97.811, 53.750
11900.364, 98.430, 53.718
12073.226, 99.303, 53.781
12248.598, 100.126, 53.683
12426.517, 101.111, 53.712
12607.021, 101.635, 53.780
12790.146, 102.675, 53.776
12975.932, 103.644, 53.733
13164.416, 104.620, 53.671
13355.639, 105.416, 53.682
13549.639, 106.260, 53.716
13746.456, 107.204, 53.652
13946.133, 108.181, 53.761
14148.710, 108.920, 53.668
14354.229, 110.136, 53.669
14562.734, 110.750, 53.698
14774.269, 111.947, 53.702
14988.875, 112.721, 53.658
15206.599, 113.637, 53.716
15427.485, 114.621, 53.613
15651.580, 115.501, 53.726
15878.930, 116.622, 53.809
16109.582, 117.462, 53.706
16343.585, 118.660, 53.717
16580.986, 119.557, 53.759
16821.838, 120.551, 53.742
17066.186, 121.695, 53.787
17314.084, 122.601, 53.850
17565.582, 123.736, 53.840
17820.734, 124.760, 53.801
18079.594, 125.837, 53.835
18342.213, 126.734, 53.898
18608.645, 128.048, 53.878
18878.949, 129.069, 53.800
19153.178, 130.184, 53.943
19431.391, 131.362, 53.925
19713.646, 132.489, 53.926
20000.000, 134.142, 53.227
